Date,Price
03-01-2009 00:00,0
05-01-2009 00:00,0
07-01-2009 00:00,0
09-01-2009 00:00,0
11-01-2009 00:00,0
13-01-2009 00:00,0
15-01-2009 00:00,0
17-01-2009 00:00,0
19-01-2009 00:00,0
21-01-2009 00:00,0
23-01-2009 00:00,0
25-01-2009 00:00,0
27-01-2009 00:00,0
29-01-2009 00:00,0
31-01-2009 00:00,0
02-02-2009 00:00,0
04-02-2009 00:00,0
06-02-2009 00:00,0
08-02-2009 00:00,0
10-02-2009 00:00,0
12-02-2009 00:00,0
14-02-2009 00:00,0
16-02-2009 00:00,0
18-02-2009 00:00,0
20-02-2009 00:00,0
22-02-2009 00:00,0
24-02-2009 00:00,0
26-02-2009 00:00,0
28-02-2009 00:00,0
02-03-2009 00:00,0
04-03-2009 00:00,0
06-03-2009 00:00,0
08-03-2009 00:00,0
10-03-2009 00:00,0
12-03-2009 00:00,0
14-03-2009 00:00,0
16-03-2009 00:00,0
18-03-2009 00:00,0
20-03-2009 00:00,0
22-03-2009 00:00,0
24-03-2009 00:00,0
26-03-2009 00:00,0
28-03-2009 00:00,0
30-03-2009 00:00,0
01-04-2009 00:00,0
03-04-2009 00:00,0
05-04-2009 00:00,0
07-04-2009 00:00,0
09-04-2009 00:00,0
11-04-2009 00:00,0
13-04-2009 00:00,0
15-04-2009 00:00,0
17-04-2009 00:00,0
19-04-2009 00:00,0
21-04-2009 00:00,0
23-04-2009 00:00,0
25-04-2009 00:00,0
27-04-2009 00:00,0
29-04-2009 00:00,0
01-05-2009 00:00,0
03-05-2009 00:00,0
05-05-2009 00:00,0
07-05-2009 00:00,0
09-05-2009 00:00,0
11-05-2009 00:00,0
13-05-2009 00:00,0
15-05-2009 00:00,0
17-05-2009 00:00,0
19-05-2009 00:00,0
21-05-2009 00:00,0
23-05-2009 00:00,0
25-05-2009 00:00,0
27-05-2009 00:00,0
29-05-2009 00:00,0
31-05-2009 00:00,0
02-06-2009 00:00,0
04-06-2009 00:00,0
06-06-2009 00:00,0
08-06-2009 00:00,0
10-06-2009 00:00,0
12-06-2009 00:00,0
14-06-2009 00:00,0
16-06-2009 00:00,0
18-06-2009 00:00,0
20-06-2009 00:00,0
22-06-2009 00:00,0
24-06-2009 00:00,0
26-06-2009 00:00,0
28-06-2009 00:00,0
30-06-2009 00:00,0
02-07-2009 00:00,0
04-07-2009 00:00,0
06-07-2009 00:00,0
08-07-2009 00:00,0
10-07-2009 00:00,0
12-07-2009 00:00,0
14-07-2009 00:00,0
16-07-2009 00:00,0
18-07-2009 00:00,0
20-07-2009 00:00,0
22-07-2009 00:00,0
24-07-2009 00:00,0
26-07-2009 00:00,0
28-07-2009 00:00,0
30-07-2009 00:00,0
01-08-2009 00:00,0
03-08-2009 00:00,0
05-08-2009 00:00,0
07-08-2009 00:00,0
09-08-2009 00:00,0
11-08-2009 00:00,0
13-08-2009 00:00,0
15-08-2009 00:00,0
17-08-2009 00:00,0
19-08-2009 00:00,0
21-08-2009 00:00,0
23-08-2009 00:00,0
25-08-2009 00:00,0
27-08-2009 00:00,0
29-08-2009 00:00,0
31-08-2009 00:00,0
02-09-2009 00:00,0
04-09-2009 00:00,0
06-09-2009 00:00,0
08-09-2009 00:00,0
10-09-2009 00:00,0
12-09-2009 00:00,0
14-09-2009 00:00,0
16-09-2009 00:00,0
18-09-2009 00:00,0
20-09-2009 00:00,0
22-09-2009 00:00,0
24-09-2009 00:00,0
26-09-2009 00:00,0
28-09-2009 00:00,0
30-09-2009 00:00,0
02-10-2009 00:00,0
04-10-2009 00:00,0
06-10-2009 00:00,0
08-10-2009 00:00,0
10-10-2009 00:00,0
12-10-2009 00:00,0
14-10-2009 00:00,0
16-10-2009 00:00,0
18-10-2009 00:00,0
20-10-2009 00:00,0
22-10-2009 00:00,0
24-10-2009 00:00,0
26-10-2009 00:00,0
28-10-2009 00:00,0
30-10-2009 00:00,0
01-11-2009 00:00,0
03-11-2009 00:00,0
05-11-2009 00:00,0
07-11-2009 00:00,0
09-11-2009 00:00,0
11-11-2009 00:00,0
13-11-2009 00:00,0
15-11-2009 00:00,0
17-11-2009 00:00,0
19-11-2009 00:00,0
21-11-2009 00:00,0
23-11-2009 00:00,0
25-11-2009 00:00,0
27-11-2009 00:00,0
29-11-2009 00:00,0
01-12-2009 00:00,0
03-12-2009 00:00,0
05-12-2009 00:00,0
07-12-2009 00:00,0
09-12-2009 00:00,0
11-12-2009 00:00,0
13-12-2009 00:00,0
15-12-2009 00:00,0
17-12-2009 00:00,0
19-12-2009 00:00,0
21-12-2009 00:00,0
23-12-2009 00:00,0
25-12-2009 00:00,0
27-12-2009 00:00,0
29-12-2009 00:00,0
31-12-2009 00:00,0
02-01-2010 00:00,0
04-01-2010 00:00,0
06-01-2010 00:00,0
08-01-2010 00:00,0
10-01-2010 00:00,0
12-01-2010 00:00,0
14-01-2010 00:00,0
16-01-2010 00:00,0
18-01-2010 00:00,0
20-01-2010 00:00,0
22-01-2010 00:00,0
24-01-2010 00:00,0
26-01-2010 00:00,0
28-01-2010 00:00,0
30-01-2010 00:00,0
01-02-2010 00:00,0
03-02-2010 00:00,0
05-02-2010 00:00,0
07-02-2010 00:00,0
09-02-2010 00:00,0
11-02-2010 00:00,0
13-02-2010 00:00,0
15-02-2010 00:00,0
17-02-2010 00:00,0
19-02-2010 00:00,0
21-02-2010 00:00,0
23-02-2010 00:00,0
25-02-2010 00:00,0
27-02-2010 00:00,0
01-03-2010 00:00,0
03-03-2010 00:00,0
05-03-2010 00:00,0
07-03-2010 00:00,0
09-03-2010 00:00,0
11-03-2010 00:00,0
13-03-2010 00:00,0
15-03-2010 00:00,0
17-03-2010 00:00,0
19-03-2010 00:00,0
21-03-2010 00:00,0
23-03-2010 00:00,0
25-03-2010 00:00,0
27-03-2010 00:00,0
29-03-2010 00:00,0
31-03-2010 00:00,0
02-04-2010 00:00,0
04-04-2010 00:00,0
06-04-2010 00:00,0
08-04-2010 00:00,0
10-04-2010 00:00,0
12-04-2010 00:00,0
14-04-2010 00:00,0
16-04-2010 00:00,0
18-04-2010 00:00,0
20-04-2010 00:00,0
22-04-2010 00:00,0
24-04-2010 00:00,0
26-04-2010 00:00,0
28-04-2010 00:00,0
30-04-2010 00:00,0
02-05-2010 00:00,0
04-05-2010 00:00,0
06-05-2010 00:00,0
08-05-2010 00:00,0
10-05-2010 00:00,0
12-05-2010 00:00,0
14-05-2010 00:00,0
16-05-2010 00:00,0
18-05-2010 00:00,0
20-05-2010 00:00,0
22-05-2010 00:00,0
24-05-2010 00:00,0
26-05-2010 00:00,0
28-05-2010 00:00,0
30-05-2010 00:00,0
01-06-2010 00:00,0
03-06-2010 00:00,0
05-06-2010 00:00,0
07-06-2010 00:00,0
09-06-2010 00:00,0
11-06-2010 00:00,0
13-06-2010 00:00,0
15-06-2010 00:00,0
17-06-2010 00:00,0
19-06-2010 00:00,0
21-06-2010 00:00,0
23-06-2010 00:00,0
25-06-2010 00:00,0
27-06-2010 00:00,0
29-06-2010 00:00,0
01-07-2010 00:00,0
03-07-2010 00:00,0
05-07-2010 00:00,0
07-07-2010 00:00,0
09-07-2010 00:00,0
11-07-2010 00:00,0
13-07-2010 00:00,0
15-07-2010 00:00,0
17-07-2010 00:00,0
19-07-2010 00:00,0
21-07-2010 00:00,0
23-07-2010 00:00,0
25-07-2010 00:00,0
27-07-2010 00:00,0
29-07-2010 00:00,0
31-07-2010 00:00,0
02-08-2010 00:00,0
04-08-2010 00:00,0
06-08-2010 00:00,0
08-08-2010 00:00,0
10-08-2010 00:00,0
12-08-2010 00:00,0
14-08-2010 00:00,0
16-08-2010 00:00,0
18-08-2010 00:00,0.074
20-08-2010 00:00,0.0667
22-08-2010 00:00,0.0664
24-08-2010 00:00,0.066889
26-08-2010 00:00,0.066499
28-08-2010 00:00,0.065
30-08-2010 00:00,0.069
01-09-2010 00:00,0.0649
03-09-2010 00:00,0.0634
05-09-2010 00:00,0.0629
07-09-2010 00:00,0.06185
09-09-2010 00:00,0.0624
11-09-2010 00:00,0.062
13-09-2010 00:00,0.06201
15-09-2010 00:00,0.175
17-09-2010 00:00,0.0609
19-09-2010 00:00,0.062599
21-09-2010 00:00,0.0633
23-09-2010 00:00,0.063
25-09-2010 00:00,0.0624
27-09-2010 00:00,0.062206
29-09-2010 00:00,0.06219
01-10-2010 00:00,0.061999
03-10-2010 00:00,0.0614
05-10-2010 00:00,0.06301
07-10-2010 00:00,0.0638
09-10-2010 00:00,0.12001
11-10-2010 00:00,0.1301
13-10-2010 00:00,0.095
15-10-2010 00:00,0.119
17-10-2010 00:00,0.1045
19-10-2010 00:00,0.1024
21-10-2010 00:00,0.109
23-10-2010 00:00,0.10901
25-10-2010 00:00,0.15
27-10-2010 00:00,0.19
29-10-2010 00:00,0.191
31-10-2010 00:00,0.199
02-11-2010 00:00,0.1955
04-11-2010 00:00,0.23601
06-11-2010 00:00,0.29
08-11-2010 00:00,0.37
10-11-2010 00:00,0.2667
12-11-2010 00:00,0.251
14-11-2010 00:00,0.299
16-11-2010 00:00,0.2827
18-11-2010 00:00,0.289999
20-11-2010 00:00,0.289
22-11-2010 00:00,0.282
24-11-2010 00:00,0.28299
26-11-2010 00:00,0.289
28-11-2010 00:00,0.28461
30-11-2010 00:00,0.275
02-12-2010 00:00,0.25
04-12-2010 00:00,0.2589
06-12-2010 00:00,0.225
08-12-2010 00:00,0.2477
10-12-2010 00:00,0.204
12-12-2010 00:00,0.228
14-12-2010 00:00,0.23
16-12-2010 00:00,0.2459
18-12-2010 00:00,0.249
20-12-2010 00:00,0.275
22-12-2010 00:00,0.267
24-12-2010 00:00,0.25
26-12-2010 00:00,0.269999
28-12-2010 00:00,0.28
30-12-2010 00:00,0.299999
01-01-2011 00:00,0.299998
03-01-2011 00:00,0.299998
05-01-2011 00:00,0.298998
07-01-2011 00:00,0.322
09-01-2011 00:00,0.322998
11-01-2011 00:00,0.329
13-01-2011 00:00,0.405
15-01-2011 00:00,0.4
17-01-2011 00:00,0.4
19-01-2011 00:00,0.3401
21-01-2011 00:00,0.44
23-01-2011 00:00,0.4443
25-01-2011 00:00,0.425
27-01-2011 00:00,0.4174
29-01-2011 00:00,0.446
31-01-2011 00:00,0.5
02-02-2011 00:00,0.840099
04-02-2011 00:00,0.88
06-02-2011 00:00,0.92
08-02-2011 00:00,0.9
10-02-2011 00:00,1.1
12-02-2011 00:00,1.0899
14-02-2011 00:00,1.08
16-02-2011 00:00,1.05019
18-02-2011 00:00,1.05019
20-02-2011 00:00,0.954896
22-02-2011 00:00,0.869499
24-02-2011 00:00,0.9499
26-02-2011 00:00,0.988567
28-02-2011 00:00,0.949231
02-03-2011 00:00,0.9498
04-03-2011 00:00,0.9392
06-03-2011 00:00,0.910445
08-03-2011 00:00,0.9072
10-03-2011 00:00,0.87
12-03-2011 00:00,0.9197
14-03-2011 00:00,0.9
16-03-2011 00:00,0.89
18-03-2011 00:00,0.850617
20-03-2011 00:00,0.79
22-03-2011 00:00,0.799646
24-03-2011 00:00,0.9
26-03-2011 00:00,0.905
28-03-2011 00:00,0.8575
30-03-2011 00:00,0.795
01-04-2011 00:00,0.79997
03-04-2011 00:00,0.7998
05-04-2011 00:00,0.71
07-04-2011 00:00,0.7677
09-04-2011 00:00,0.7676
11-04-2011 00:00,0.781
13-04-2011 00:00,1
15-04-2011 00:00,1.08999
17-04-2011 00:00,1.085
19-04-2011 00:00,1.19
21-04-2011 00:00,1.1979
23-04-2011 00:00,1.549
25-04-2011 00:00,1.701
27-04-2011 00:00,1.95
29-04-2011 00:00,2.7
01-05-2011 00:00,4.09
03-05-2011 00:00,3.49
05-05-2011 00:00,3.5
07-05-2011 00:00,3.7
09-05-2011 00:00,3.937
11-05-2011 00:00,6.065
13-05-2011 00:00,8.45
15-05-2011 00:00,8.55
17-05-2011 00:00,8.38901
19-05-2011 00:00,7.34
21-05-2011 00:00,6.6036
23-05-2011 00:00,7.45
25-05-2011 00:00,7.51
27-05-2011 00:00,8.92
29-05-2011 00:00,8.4992
31-05-2011 00:00,9.4998
02-06-2011 00:00,10.57
04-06-2011 00:00,17.41
06-06-2011 00:00,19.23
08-06-2011 00:00,31.9099
10-06-2011 00:00,35
12-06-2011 00:00,24.99
14-06-2011 00:00,20.99
16-06-2011 00:00,19.96
18-06-2011 00:00,17.2
20-06-2011 00:00,17.35
22-06-2011 00:00,15.05
24-06-2011 00:00,16.7501
26-06-2011 00:00,17.51001
28-06-2011 00:00,17.52
30-06-2011 00:00,17.5
02-07-2011 00:00,16.49
04-07-2011 00:00,15.85
06-07-2011 00:00,16.5
08-07-2011 00:00,15.64276
10-07-2011 00:00,15.68
12-07-2011 00:00,14.63988
14-07-2011 00:00,14.1
16-07-2011 00:00,14.1
18-07-2011 00:00,13.6901
20-07-2011 00:00,14.04
22-07-2011 00:00,13.9389
24-07-2011 00:00,13.979999
26-07-2011 00:00,14.4
28-07-2011 00:00,14
30-07-2011 00:00,13.8
01-08-2011 00:00,13.5501
03-08-2011 00:00,13.1
05-08-2011 00:00,11.55
07-08-2011 00:00,9.8
09-08-2011 00:00,12.1
11-08-2011 00:00,10.4959
13-08-2011 00:00,10.05
15-08-2011 00:00,11.89
17-08-2011 00:00,11.3
19-08-2011 00:00,11.81
21-08-2011 00:00,11.59
23-08-2011 00:00,11.49
25-08-2011 00:00,10.96554
27-08-2011 00:00,9.11
29-08-2011 00:00,9.4811
31-08-2011 00:00,9
02-09-2011 00:00,8.4989
04-09-2011 00:00,8.593999999
06-09-2011 00:00,7.65713
08-09-2011 00:00,7.31509
10-09-2011 00:00,6.20892
12-09-2011 00:00,7.081
14-09-2011 00:00,5.990000001
16-09-2011 00:00,5.23
18-09-2011 00:00,5
20-09-2011 00:00,6.795
22-09-2011 00:00,5.83001
24-09-2011 00:00,5.66
26-09-2011 00:00,5.46014
28-09-2011 00:00,4.989
30-09-2011 00:00,5.35
02-10-2011 00:00,5.16
04-10-2011 00:00,5.03
06-10-2011 00:00,4.93
08-10-2011 00:00,4.594
10-10-2011 00:00,4.25937
12-10-2011 00:00,4.20612
14-10-2011 00:00,4.11455
16-10-2011 00:00,3.9009
18-10-2011 00:00,2.9
20-10-2011 00:00,2.42
22-10-2011 00:00,3.3
24-10-2011 00:00,3.2
26-10-2011 00:00,2.876
28-10-2011 00:00,3.255
30-10-2011 00:00,3.65026
01-11-2011 00:00,3.35
03-11-2011 00:00,3.299
05-11-2011 00:00,3.21
07-11-2011 00:00,3.0289
09-11-2011 00:00,3.114
11-11-2011 00:00,3
13-11-2011 00:00,3.099
15-11-2011 00:00,2.69
17-11-2011 00:00,2.60031
19-11-2011 00:00,2.3
21-11-2011 00:00,2.29
23-11-2011 00:00,2.38
25-11-2011 00:00,2.56
27-11-2011 00:00,2.4965
29-11-2011 00:00,2.981
01-12-2011 00:00,3.14
03-12-2011 00:00,3.12999
05-12-2011 00:00,2.93
07-12-2011 00:00,3.082
09-12-2011 00:00,3.039
11-12-2011 00:00,3.38
13-12-2011 00:00,3.3
15-12-2011 00:00,3.1933
17-12-2011 00:00,3.23
19-12-2011 00:00,3.70036
21-12-2011 00:00,4.11
23-12-2011 00:00,3.95
25-12-2011 00:00,4.3897
27-12-2011 00:00,4.06
29-12-2011 00:00,4.33
31-12-2011 00:00,4.995
02-01-2012 00:00,5.4999
04-01-2012 00:00,5.6063
06-01-2012 00:00,7.22
08-01-2012 00:00,7.2
10-01-2012 00:00,6.89
12-01-2012 00:00,6.997
14-01-2012 00:00,6.75
16-01-2012 00:00,7.18888
18-01-2012 00:00,6.95
20-01-2012 00:00,6.58
22-01-2012 00:00,6.39
24-01-2012 00:00,6.515
26-01-2012 00:00,6.2
28-01-2012 00:00,5.74815
30-01-2012 00:00,5.6
01-02-2012 00:00,5.638
03-02-2012 00:00,6.148
05-02-2012 00:00,5.9625
07-02-2012 00:00,5.70999
09-02-2012 00:00,5.8
11-02-2012 00:00,6
13-02-2012 00:00,5.72
15-02-2012 00:00,4.88
17-02-2012 00:00,4.76998
19-02-2012 00:00,4.33333
21-02-2012 00:00,4.4354
23-02-2012 00:00,4.92481
25-02-2012 00:00,5.07
27-02-2012 00:00,5.1
29-02-2012 00:00,4.9
02-03-2012 00:00,4.98888
04-03-2012 00:00,4.9
06-03-2012 00:00,5.05
08-03-2012 00:00,5
10-03-2012 00:00,4.94
12-03-2012 00:00,4.95915
14-03-2012 00:00,5.4444
16-03-2012 00:00,5.4
18-03-2012 00:00,5.37998
20-03-2012 00:00,4.98
22-03-2012 00:00,4.88
24-03-2012 00:00,4.74896
26-03-2012 00:00,4.73793
28-03-2012 00:00,4.84592
30-03-2012 00:00,4.83
01-04-2012 00:00,4.929
03-04-2012 00:00,5.01
05-04-2012 00:00,4.94486
07-04-2012 00:00,4.98
09-04-2012 00:00,4.8
11-04-2012 00:00,4.8941
13-04-2012 00:00,4.94464
15-04-2012 00:00,4.98389
17-04-2012 00:00,5.02207
19-04-2012 00:00,5.19
21-04-2012 00:00,5.48
23-04-2012 00:00,5.21799
25-04-2012 00:00,5.16
27-04-2012 00:00,5.1372
29-04-2012 00:00,5.0184
01-05-2012 00:00,5
03-05-2012 00:00,5.184
05-05-2012 00:00,5.1495
07-05-2012 00:00,5.0947
09-05-2012 00:00,5.09609
11-05-2012 00:00,5.03188
13-05-2012 00:00,4.99888
15-05-2012 00:00,5.09
17-05-2012 00:00,5.1345
19-05-2012 00:00,5.14291
21-05-2012 00:00,5.1475
23-05-2012 00:00,5.16
25-05-2012 00:00,5.15
27-05-2012 00:00,5.148
29-05-2012 00:00,5.15889
31-05-2012 00:00,5.19
02-06-2012 00:00,5.279
04-06-2012 00:00,5.2785
06-06-2012 00:00,5.47
08-06-2012 00:00,5.66
10-06-2012 00:00,5.62
12-06-2012 00:00,5.7
14-06-2012 00:00,5.95
16-06-2012 00:00,6.599
18-06-2012 00:00,6.4668
20-06-2012 00:00,6.64999
22-06-2012 00:00,6.79962
24-06-2012 00:00,6.5915
26-06-2012 00:00,6.4514
28-06-2012 00:00,6.66897
30-06-2012 00:00,6.693
02-07-2012 00:00,6.75
04-07-2012 00:00,6.55
06-07-2012 00:00,6.73449
08-07-2012 00:00,6.87
10-07-2012 00:00,7.239
12-07-2012 00:00,7.32
14-07-2012 00:00,7.68891
16-07-2012 00:00,8.2899
18-07-2012 00:00,9.39899
20-07-2012 00:00,9.23355
22-07-2012 00:00,9
24-07-2012 00:00,8.96
26-07-2012 00:00,8.9
28-07-2012 00:00,8.93
30-07-2012 00:00,9.15
01-08-2012 00:00,9.54
03-08-2012 00:00,11.1188
05-08-2012 00:00,11.1869
07-08-2012 00:00,11.04
09-08-2012 00:00,12
11-08-2012 00:00,11.59788
13-08-2012 00:00,11.86999
15-08-2012 00:00,12.67
17-08-2012 00:00,15.4
19-08-2012 00:00,12
21-08-2012 00:00,10.29999
23-08-2012 00:00,10.25
25-08-2012 00:00,10.25
27-08-2012 00:00,12.14999
29-08-2012 00:00,11.20999
31-08-2012 00:00,10.8359
02-09-2012 00:00,10.18999
04-09-2012 00:00,10.5934
06-09-2012 00:00,11.17
08-09-2012 00:00,11.21
10-09-2012 00:00,11.127
12-09-2012 00:00,11.3789
14-09-2012 00:00,11.75
16-09-2012 00:00,11.99
18-09-2012 00:00,12.09
20-09-2012 00:00,12.68666
22-09-2012 00:00,12.4433
24-09-2012 00:00,12.29888
26-09-2012 00:00,12.28
28-09-2012 00:00,12.444
30-09-2012 00:00,12.47499
02-10-2012 00:00,12.88
04-10-2012 00:00,13.0899
06-10-2012 00:00,12.89999
08-10-2012 00:00,12.08
10-10-2012 00:00,12.15
12-10-2012 00:00,12.15
14-10-2012 00:00,12
16-10-2012 00:00,11.99
18-10-2012 00:00,11.95998
20-10-2012 00:00,11.85
22-10-2012 00:00,11.81
24-10-2012 00:00,11.82
26-10-2012 00:00,11.09988
28-10-2012 00:00,10.61
30-10-2012 00:00,10.85
01-11-2012 00:00,11.279
03-11-2012 00:00,10.60097
05-11-2012 00:00,10.9
07-11-2012 00:00,11.21603
09-11-2012 00:00,11.07
11-11-2012 00:00,10.939
13-11-2012 00:00,11.129
15-11-2012 00:00,11.114
17-11-2012 00:00,11.8
19-11-2012 00:00,11.79998
21-11-2012 00:00,11.784
23-11-2012 00:00,12.43
25-11-2012 00:00,12.6
27-11-2012 00:00,12.52999
29-11-2012 00:00,12.599
01-12-2012 00:00,12.68778
03-12-2012 00:00,12.67901
05-12-2012 00:00,13.5
07-12-2012 00:00,13.68
09-12-2012 00:00,13.53
11-12-2012 00:00,13.63999
13-12-2012 00:00,13.79989
15-12-2012 00:00,13.7722
17-12-2012 00:00,13.498
19-12-2012 00:00,13.399
21-12-2012 00:00,13.6475
23-12-2012 00:00,13.48547
25-12-2012 00:00,13.45
27-12-2012 00:00,13.47
29-12-2012 00:00,13.67
31-12-2012 00:00,13.59
02-01-2013 00:00,13.4
04-01-2013 00:00,13.48986
06-01-2013 00:00,13.52999
08-01-2013 00:00,13.83
10-01-2013 00:00,14.32
12-01-2013 00:00,14.34999
14-01-2013 00:00,14.3
16-01-2013 00:00,14.689
18-01-2013 00:00,15.985
20-01-2013 00:00,15.89
22-01-2013 00:00,17.59
24-01-2013 00:00,19.18999
26-01-2013 00:00,17.61926
28-01-2013 00:00,18.45
30-01-2013 00:00,19.7
01-02-2013 00:00,21.3
03-02-2013 00:00,20.68
05-02-2013 00:00,20.79
07-02-2013 00:00,22.15
09-02-2013 00:00,23.69997
11-02-2013 00:00,24.1955
13-02-2013 00:00,26.09999
15-02-2013 00:00,26.99898
17-02-2013 00:00,25.6083
19-02-2013 00:00,28.78999
21-02-2013 00:00,29.80012
23-02-2013 00:00,29.27998
25-02-2013 00:00,30.25001
27-02-2013 00:00,31.40181
01-03-2013 00:00,34.87799
03-03-2013 00:00,34.10007
05-03-2013 00:00,40.04
07-03-2013 00:00,42.49271
09-03-2013 00:00,46.01112
11-03-2013 00:00,47.7397
13-03-2013 00:00,46.79999
15-03-2013 00:00,47.25005
17-03-2013 00:00,47.4419
19-03-2013 00:00,57.76
21-03-2013 00:00,73.8
23-03-2013 00:00,63
25-03-2013 00:00,73.88798
27-03-2013 00:00,88.9
29-03-2013 00:00,89.05
31-03-2013 00:00,92.50001
02-04-2013 00:00,108.73
04-04-2013 00:00,131.99899
06-04-2013 00:00,142.49765
08-04-2013 00:00,184
10-04-2013 00:00,198
12-04-2013 00:00,76.488
14-04-2013 00:00,91
16-04-2013 00:00,91
18-04-2013 00:00,96.5
20-04-2013 00:00,123.86
22-04-2013 00:00,123.515
24-04-2013 00:00,153.20019
26-04-2013 00:00,135.601
28-04-2013 00:00,135.98999
30-04-2013 00:00,139.109
02-05-2013 00:00,105.00003
04-05-2013 00:00,111.98979
06-05-2013 00:00,120.94999
08-05-2013 00:00,113.95001
10-05-2013 00:00,117.68
12-05-2013 00:00,114.32
14-05-2013 00:00,119
16-05-2013 00:00,115.09024
18-05-2013 00:00,123.74995
20-05-2013 00:00,122.65001
22-05-2013 00:00,122.64
24-05-2013 00:00,131.5
26-05-2013 00:00,134.04701
28-05-2013 00:00,128.321
30-05-2013 00:00,130.99589
01-06-2013 00:00,129.19945
03-06-2013 00:00,120.00002
05-06-2013 00:00,122.4051
07-06-2013 00:00,110.29501
09-06-2013 00:00,98.47045
11-06-2013 00:00,108
13-06-2013 00:00,109
15-06-2013 00:00,101.96998
17-06-2013 00:00,100.52521
19-06-2013 00:00,107.835
21-06-2013 00:00,111
23-06-2013 00:00,107.68389
25-06-2013 00:00,103.86665
27-06-2013 00:00,102.79001
29-06-2013 00:00,95.85301
01-07-2013 00:00,90.998
03-07-2013 00:00,82.8
05-07-2013 00:00,67.85844
07-07-2013 00:00,70.942
09-07-2013 00:00,76.32791
11-07-2013 00:00,87.15
13-07-2013 00:00,95.995
15-07-2013 00:00,98.37516
17-07-2013 00:00,97.97
19-07-2013 00:00,93.41082
21-07-2013 00:00,88.93999
23-07-2013 00:00,95.396
25-07-2013 00:00,96.2
27-07-2013 00:00,95.20461
29-07-2013 00:00,101.04202
31-07-2013 00:00,104.95555
02-08-2013 00:00,105.5
04-08-2013 00:00,104.67459
06-08-2013 00:00,106.88378
08-08-2013 00:00,101.9
10-08-2013 00:00,102.61802
12-08-2013 00:00,104.99498
14-08-2013 00:00,100.03
16-08-2013 00:00,98.51
18-08-2013 00:00,99.02
20-08-2013 00:00,104.59
22-08-2013 00:00,111.01
24-08-2013 00:00,108.79
26-08-2013 00:00,111.8
28-08-2013 00:00,119.25
30-08-2013 00:00,124.79
01-09-2013 00:00,130.82
03-09-2013 00:00,130.45
05-09-2013 00:00,124.51
07-09-2013 00:00,120.15
09-09-2013 00:00,121.66
11-09-2013 00:00,124.1
13-09-2013 00:00,128.29
15-09-2013 00:00,125.46
17-09-2013 00:00,127.56
19-09-2013 00:00,124.1
21-09-2013 00:00,123.5
23-09-2013 00:00,123.02
25-09-2013 00:00,124.18
27-09-2013 00:00,125.6
29-09-2013 00:00,128.1
01-10-2013 00:00,127.11
03-10-2013 00:00,116.95
05-10-2013 00:00,121.51
07-10-2013 00:00,123.6
09-10-2013 00:00,126.08
11-10-2013 00:00,126.84
13-10-2013 00:00,129.74
15-10-2013 00:00,139.24
17-10-2013 00:00,143.33
19-10-2013 00:00,165.05
21-10-2013 00:00,177.07
23-10-2013 00:00,199.95
25-10-2013 00:00,172.81
27-10-2013 00:00,189.06
29-10-2013 00:00,202.09
31-10-2013 00:00,201.61
02-11-2013 00:00,204.15
04-11-2013 00:00,225.1
06-11-2013 00:00,258.23
08-11-2013 00:00,325.56
10-11-2013 00:00,296.91
12-11-2013 00:00,353.95
14-11-2013 00:00,416.5
16-11-2013 00:00,433.53
18-11-2013 00:00,583.16
20-11-2013 00:00,595
22-11-2013 00:00,761
24-11-2013 00:00,833.16
26-11-2013 00:00,844.9
28-11-2013 00:00,1009
30-11-2013 00:00,1119.96
02-12-2013 00:00,992.27
04-12-2013 00:00,1151
06-12-2013 00:00,894
08-12-2013 00:00,722.99
10-12-2013 00:00,936.98
12-12-2013 00:00,845.75
14-12-2013 00:00,864.7
16-12-2013 00:00,709
18-12-2013 00:00,576.16
20-12-2013 00:00,660
22-12-2013 00:00,637
24-12-2013 00:00,647.27
26-12-2013 00:00,734.42
28-12-2013 00:00,701.61
30-12-2013 00:00,739.1
01-01-2014 00:00,746.9
03-01-2014 00:00,806.21
05-01-2014 00:00,896
07-01-2014 00:00,867.38
09-01-2014 00:00,809.17
11-01-2014 00:00,891.85
13-01-2014 00:00,807.83
15-01-2014 00:00,847.7
17-01-2014 00:00,793
19-01-2014 00:00,833
21-01-2014 00:00,822.56
23-01-2014 00:00,813.02
25-01-2014 00:00,806
27-01-2014 00:00,777
29-01-2014 00:00,803.6
31-01-2014 00:00,802.5
02-02-2014 00:00,819.57
04-02-2014 00:00,809.05
06-02-2014 00:00,778
08-02-2014 00:00,707
10-02-2014 00:00,665
12-02-2014 00:00,667.01
14-02-2014 00:00,672.1
16-02-2014 00:00,623.5
18-02-2014 00:00,626.77
20-02-2014 00:00,582.7
22-02-2014 00:00,603.98
24-02-2014 00:00,545
26-02-2014 00:00,585.38
28-02-2014 00:00,577.97
02-03-2014 00:00,559.88
04-03-2014 00:00,677.61
06-03-2014 00:00,657.02
08-03-2014 00:00,609
10-03-2014 00:00,621.99
12-03-2014 00:00,642.1
14-03-2014 00:00,636.47
16-03-2014 00:00,634.94
18-03-2014 00:00,627
20-03-2014 00:00,590
22-03-2014 00:00,557
24-03-2014 00:00,572
26-03-2014 00:00,585.7
28-03-2014 00:00,503
30-03-2014 00:00,449.02
01-04-2014 00:00,479.51
03-04-2014 00:00,446.31
05-04-2014 00:00,451.84
07-04-2014 00:00,447.74
09-04-2014 00:00,443.1
11-04-2014 00:00,427.99
13-04-2014 00:00,405
15-04-2014 00:00,489.91
17-04-2014 00:00,495
19-04-2014 00:00,499.9
21-04-2014 00:00,496.5
23-04-2014 00:00,487.3
25-04-2014 00:00,459.15
27-04-2014 00:00,440.1
29-04-2014 00:00,447.7
01-05-2014 00:00,460.01
03-05-2014 00:00,434.5
05-05-2014 00:00,427.83
07-05-2014 00:00,446.65
09-05-2014 00:00,452.02
11-05-2014 00:00,435
13-05-2014 00:00,438.95
15-05-2014 00:00,448.99
17-05-2014 00:00,449.08
19-05-2014 00:00,446.42
21-05-2014 00:00,494.87
23-05-2014 00:00,527.47
25-05-2014 00:00,575
27-05-2014 00:00,581.87
29-05-2014 00:00,568
31-05-2014 00:00,620.45
02-06-2014 00:00,631.49
04-06-2014 00:00,644.66
06-06-2014 00:00,655.75
08-06-2014 00:00,652
10-06-2014 00:00,649.89
12-06-2014 00:00,617
14-06-2014 00:00,557.92
16-06-2014 00:00,595
18-06-2014 00:00,604.6
20-06-2014 00:00,593.33
22-06-2014 00:00,596.08
24-06-2014 00:00,585.54
26-06-2014 00:00,569
28-06-2014 00:00,597.08
30-06-2014 00:00,620
02-07-2014 00:00,654
04-07-2014 00:00,635.49
06-07-2014 00:00,634.49
08-07-2014 00:00,623.7
10-07-2014 00:00,619.78
12-07-2014 00:00,631.98
14-07-2014 00:00,622.8
16-07-2014 00:00,619.48
18-07-2014 00:00,629.86
20-07-2014 00:00,623.77
22-07-2014 00:00,621.03
24-07-2014 00:00,601.18
26-07-2014 00:00,595.88
28-07-2014 00:00,586.96
30-07-2014 00:00,573.48
01-08-2014 00:00,601.94
03-08-2014 00:00,589.79
05-08-2014 00:00,580.21
07-08-2014 00:00,587.24
09-08-2014 00:00,588.61
11-08-2014 00:00,578.97
13-08-2014 00:00,550.14
15-08-2014 00:00,498.16
17-08-2014 00:00,491.88
19-08-2014 00:00,487.5
21-08-2014 00:00,525.78
23-08-2014 00:00,503.88
25-08-2014 00:00,503.79
27-08-2014 00:00,514.84
29-08-2014 00:00,511.99
31-08-2014 00:00,477.98
02-09-2014 00:00,483.65
04-09-2014 00:00,486
06-09-2014 00:00,481.09
08-09-2014 00:00,476.61
10-09-2014 00:00,485.03
12-09-2014 00:00,470.43
14-09-2014 00:00,475.49
16-09-2014 00:00,468
18-09-2014 00:00,428.19
20-09-2014 00:00,415.56
22-09-2014 00:00,400.98
24-09-2014 00:00,431.91
26-09-2014 00:00,405.14
28-09-2014 00:00,380
30-09-2014 00:00,382.67
02-10-2014 00:00,375.85
04-10-2014 00:00,336
06-10-2014 00:00,331.2
08-10-2014 00:00,346.26
10-10-2014 00:00,358.97
12-10-2014 00:00,364.83
14-10-2014 00:00,411.89
16-10-2014 00:00,378.02
18-10-2014 00:00,389.68
20-10-2014 00:00,384.95
22-10-2014 00:00,385.1
24-10-2014 00:00,358.46
26-10-2014 00:00,355.43
28-10-2014 00:00,354.94
30-10-2014 00:00,337
01-11-2014 00:00,327.39
03-11-2014 00:00,325.81
05-11-2014 00:00,341.99
07-11-2014 00:00,342.26
09-11-2014 00:00,356.34
11-11-2014 00:00,365.04
13-11-2014 00:00,406.56
15-11-2014 00:00,373.14
17-11-2014 00:00,378.48
19-11-2014 00:00,374.77
21-11-2014 00:00,356.9
23-11-2014 00:00,362.99
25-11-2014 00:00,381.03
27-11-2014 00:00,372.62
29-11-2014 00:00,377.22
01-12-2014 00:00,381.72
03-12-2014 00:00,378.25
05-12-2014 00:00,373.98
07-12-2014 00:00,375.73
09-12-2014 00:00,350.29
11-12-2014 00:00,356.1
13-12-2014 00:00,350.31
15-12-2014 00:00,352.15
17-12-2014 00:00,318.2
19-12-2014 00:00,317.63
21-12-2014 00:00,326.93
23-12-2014 00:00,336.96
25-12-2014 00:00,319.31
27-12-2014 00:00,314.45
29-12-2014 00:00,314.49
31-12-2014 00:00,317.4
02-01-2015 00:00,316.15
04-01-2015 00:00,270.93
06-01-2015 00:00,276.8
08-01-2015 00:00,276.8
10-01-2015 00:00,278
12-01-2015 00:00,270
14-01-2015 00:00,176.5
16-01-2015 00:00,205.35
18-01-2015 00:00,211.18
20-01-2015 00:00,212.99
22-01-2015 00:00,233.9
24-01-2015 00:00,244.64
26-01-2015 00:00,271.47
28-01-2015 00:00,249.25
30-01-2015 00:00,230.11
01-02-2015 00:00,220.72
03-02-2015 00:00,236.51
05-02-2015 00:00,217.37
07-02-2015 00:00,225.16
09-02-2015 00:00,220.39
11-02-2015 00:00,221.99
13-02-2015 00:00,239.94
15-02-2015 00:00,243.99
17-02-2015 00:00,244
19-02-2015 00:00,241.59
21-02-2015 00:00,245.66
23-02-2015 00:00,237.09
25-02-2015 00:00,238.59
27-02-2015 00:00,254
01-03-2015 00:00,247.56
03-03-2015 00:00,275.8
05-03-2015 00:00,265.63
07-03-2015 00:00,275.83
09-03-2015 00:00,287.48
11-03-2015 00:00,293.29
13-03-2015 00:00,289.51
15-03-2015 00:00,283.57
17-03-2015 00:00,287.02
19-03-2015 00:00,260.62
21-03-2015 00:00,257.83
23-03-2015 00:00,266.07
25-03-2015 00:00,245.68
27-03-2015 00:00,248.63
29-03-2015 00:00,244.05
31-03-2015 00:00,242.92
02-04-2015 00:00,252.44
04-04-2015 00:00,253.77
06-04-2015 00:00,254.7
08-04-2015 00:00,245.89
10-04-2015 00:00,235.71
12-04-2015 00:00,236.76
14-04-2015 00:00,216
16-04-2015 00:00,229.62
18-04-2015 00:00,222.32
20-04-2015 00:00,224.63
22-04-2015 00:00,237.34
24-04-2015 00:00,230.93
26-04-2015 00:00,218.42
28-04-2015 00:00,222.66
30-04-2015 00:00,235.13
02-05-2015 00:00,234.13
04-05-2015 00:00,236.17
06-05-2015 00:00,235.79
08-05-2015 00:00,244.72
10-05-2015 00:00,239.35
12-05-2015 00:00,241.51
14-05-2015 00:00,238.32
16-05-2015 00:00,236.63
18-05-2015 00:00,236.45
20-05-2015 00:00,234.6
22-05-2015 00:00,240.5
24-05-2015 00:00,240.46
26-05-2015 00:00,235.94
28-05-2015 00:00,236.48
30-05-2015 00:00,231.12
01-06-2015 00:00,222.4
03-06-2015 00:00,226.29
05-06-2015 00:00,224.15
07-06-2015 00:00,222.6
09-06-2015 00:00,230.1
11-06-2015 00:00,229
13-06-2015 00:00,230.22
15-06-2015 00:00,236.46
17-06-2015 00:00,249.96
19-06-2015 00:00,246.45
21-06-2015 00:00,242.47
23-06-2015 00:00,243.92
25-06-2015 00:00,241.92
27-06-2015 00:00,248.5
29-06-2015 00:00,253.8
01-07-2015 00:00,257.85
03-07-2015 00:00,255.1
05-07-2015 00:00,270.92
07-07-2015 00:00,267.26
09-07-2015 00:00,270.68
11-07-2015 00:00,293.5
13-07-2015 00:00,289.9
15-07-2015 00:00,290.95
17-07-2015 00:00,277.99
19-07-2015 00:00,276.09
21-07-2015 00:00,278.97
23-07-2015 00:00,276.64
25-07-2015 00:00,287.12
27-07-2015 00:00,290.79
29-07-2015 00:00,290.7
31-07-2015 00:00,284.78
02-08-2015 00:00,280.69
04-08-2015 00:00,285
06-08-2015 00:00,277.1
08-08-2015 00:00,269.89
10-08-2015 00:00,264.07
12-08-2015 00:00,267.89
14-08-2015 00:00,266.99
16-08-2015 00:00,257.47
18-08-2015 00:00,253.91
20-08-2015 00:00,233.23
22-08-2015 00:00,226.04
24-08-2015 00:00,213.24
26-08-2015 00:00,228.84
28-08-2015 00:00,234.17
30-08-2015 00:00,226.47
01-09-2015 00:00,228.32
03-09-2015 00:00,227.42
05-09-2015 00:00,234.67
07-09-2015 00:00,241.31
09-09-2015 00:00,240.08
11-09-2015 00:00,239.93
13-09-2015 00:00,229.86
15-09-2015 00:00,230
17-09-2015 00:00,234
19-09-2015 00:00,230.71
21-09-2015 00:00,226.56
23-09-2015 00:00,229.95
25-09-2015 00:00,235.79
27-09-2015 00:00,232.85
29-09-2015 00:00,237.68
01-10-2015 00:00,238.98
03-10-2015 00:00,239.17
05-10-2015 00:00,239.22
07-10-2015 00:00,245.25
09-10-2015 00:00,244.78
11-10-2015 00:00,248.08
13-10-2015 00:00,249.58
15-10-2015 00:00,254.73
17-10-2015 00:00,269.07
19-10-2015 00:00,264.16
21-10-2015 00:00,269.1
23-10-2015 00:00,277.43
25-10-2015 00:00,295.01
27-10-2015 00:00,294.73
29-10-2015 00:00,310.36
31-10-2015 00:00,310.92
02-11-2015 00:00,340.69
04-11-2015 00:00,437.05
06-11-2015 00:00,388.38
08-11-2015 00:00,381.51
10-11-2015 00:00,353.58
12-11-2015 00:00,331.6
14-11-2015 00:00,331.9
16-11-2015 00:00,329.32
18-11-2015 00:00,334.46
20-11-2015 00:00,320.62
22-11-2015 00:00,322.33
24-11-2015 00:00,321.1
26-11-2015 00:00,348
28-11-2015 00:00,353.88
30-11-2015 00:00,372.53
02-12-2015 00:00,360.98
04-12-2015 00:00,360.88
06-12-2015 00:00,390.04
08-12-2015 00:00,394.99
10-12-2015 00:00,415.64
12-12-2015 00:00,426.06
14-12-2015 00:00,445.6
16-12-2015 00:00,454.43
18-12-2015 00:00,458.95
20-12-2015 00:00,434.98
22-12-2015 00:00,435.98
24-12-2015 00:00,453.95
26-12-2015 00:00,417.99
28-12-2015 00:00,423.98
30-12-2015 00:00,428
01-01-2016 00:00,432.33
03-01-2016 00:00,428.13
05-01-2016 00:00,431.9
07-01-2016 00:00,453.71
09-01-2016 00:00,450.15
11-01-2016 00:00,447.11
13-01-2016 00:00,429.57
15-01-2016 00:00,391.62
17-01-2016 00:00,385.45
19-01-2016 00:00,378.66
21-01-2016 00:00,408
23-01-2016 00:00,388.5
25-01-2016 00:00,387.09
27-01-2016 00:00,394.45
29-01-2016 00:00,377.26
31-01-2016 00:00,376.86
02-02-2016 00:00,373.48
04-02-2016 00:00,385.06
06-02-2016 00:00,373.04
08-02-2016 00:00,375.8
10-02-2016 00:00,378.98
12-02-2016 00:00,381.46
14-02-2016 00:00,402.38
16-02-2016 00:00,406.69
18-02-2016 00:00,418.97
20-02-2016 00:00,439.48
22-02-2016 00:00,438.5
24-02-2016 00:00,423.1
26-02-2016 00:00,424.34
28-02-2016 00:00,433.47
01-03-2016 00:00,431.87
03-03-2016 00:00,421.44
05-03-2016 00:00,401
07-03-2016 00:00,411.94
09-03-2016 00:00,413.1
11-03-2016 00:00,421.22
13-03-2016 00:00,412.44
15-03-2016 00:00,414.78
17-03-2016 00:00,418.64
19-03-2016 00:00,405.59
21-03-2016 00:00,410.49
23-03-2016 00:00,417.8
25-03-2016 00:00,416.44
27-03-2016 00:00,426.8
29-03-2016 00:00,414
31-03-2016 00:00,416.94
02-04-2016 00:00,418.07
04-04-2016 00:00,418.99
06-04-2016 00:00,421.09
08-04-2016 00:00,422.2
10-04-2016 00:00,421.63
12-04-2016 00:00,425.89
14-04-2016 00:00,423.76
16-04-2016 00:00,429.43
18-04-2016 00:00,427.28
20-04-2016 00:00,442.34
22-04-2016 00:00,447.25
24-04-2016 00:00,459.4
26-04-2016 00:00,467.98
28-04-2016 00:00,450
30-04-2016 00:00,447.17
02-05-2016 00:00,443.9
04-05-2016 00:00,447.37
06-05-2016 00:00,460.91
08-05-2016 00:00,457.82
10-05-2016 00:00,450
12-05-2016 00:00,454.7
14-05-2016 00:00,455.65
16-05-2016 00:00,454.88
18-05-2016 00:00,452.9
20-05-2016 00:00,441.25
22-05-2016 00:00,438
24-05-2016 00:00,445.34
26-05-2016 00:00,452.49
28-05-2016 00:00,522.43
30-05-2016 00:00,525.15
01-06-2016 00:00,539.47
03-06-2016 00:00,568
05-06-2016 00:00,574.02
07-06-2016 00:00,577.54
09-06-2016 00:00,575.2941375
11-06-2016 00:00,594.4399875
13-06-2016 00:00,702.0665
15-06-2016 00:00,692.289625
17-06-2016 00:00,743.9164
19-06-2016 00:00,760.8168
21-06-2016 00:00,665.9586125
23-06-2016 00:00,624.542
25-06-2016 00:00,664.9068875
27-06-2016 00:00,646.7030125
29-06-2016 00:00,637.959625
01-07-2016 00:00,675.1863375
03-07-2016 00:00,658.4175
05-07-2016 00:00,666.4855875
07-07-2016 00:00,636.3588625
09-07-2016 00:00,651.8649125
11-07-2016 00:00,647.9837
13-07-2016 00:00,657.4524875
15-07-2016 00:00,664.57145
17-07-2016 00:00,675.45905
19-07-2016 00:00,672.8432
21-07-2016 00:00,664.882075
23-07-2016 00:00,655.8469125
25-07-2016 00:00,654.69545
27-07-2016 00:00,654.9810375
29-07-2016 00:00,656.8876125
31-07-2016 00:00,628.015375
02-08-2016 00:00,515.0619
04-08-2016 00:00,577.3157714
06-08-2016 00:00,588.2312714
08-08-2016 00:00,592.6975
10-08-2016 00:00,592.1899
12-08-2016 00:00,587.7556
14-08-2016 00:00,570.9764143
16-08-2016 00:00,581.1185875
18-08-2016 00:00,576.0360875
20-08-2016 00:00,583.2078625
22-08-2016 00:00,588.9727625
24-08-2016 00:00,582.8479875
26-08-2016 00:00,581.07245
28-08-2016 00:00,576.534
30-08-2016 00:00,578.616575
01-09-2016 00:00,572.818375
03-09-2016 00:00,600.8860875
05-09-2016 00:00,608.10975
07-09-2016 00:00,614.4637625
09-09-2016 00:00,625.0709
11-09-2016 00:00,608.15855
13-09-2016 00:00,610.928125
15-09-2016 00:00,610.386125
17-09-2016 00:00,608.006875
19-09-2016 00:00,610.1965
21-09-2016 00:00,598.884875
23-09-2016 00:00,604.2225
25-09-2016 00:00,601.7472375
27-09-2016 00:00,605.9622125
29-09-2016 00:00,606.36375
01-10-2016 00:00,614.8238
03-10-2016 00:00,611.8511
05-10-2016 00:00,612.3522875
07-10-2016 00:00,617.21035
09-10-2016 00:00,615.65675
11-10-2016 00:00,639.30995
13-10-2016 00:00,635.9650875
15-10-2016 00:00,637.9498571
17-10-2016 00:00,638.1833875
19-10-2016 00:00,629.253675
21-10-2016 00:00,631.9242125
23-10-2016 00:00,653.0028625
25-10-2016 00:00,655.31995
27-10-2016 00:00,682.2239625
29-10-2016 00:00,714.89545
31-10-2016 00:00,702.0015125
02-11-2016 00:00,733.336125
04-11-2016 00:00,703.6940875
06-11-2016 00:00,712.00325
08-11-2016 00:00,708.974875
10-11-2016 00:00,713.690125
12-11-2016 00:00,703.718
14-11-2016 00:00,706.467875
16-11-2016 00:00,736.914375
18-11-2016 00:00,747.5217625
20-11-2016 00:00,729.066625
22-11-2016 00:00,748.749375
24-11-2016 00:00,737.450375
26-11-2016 00:00,733.673
28-11-2016 00:00,733.052125
30-11-2016 00:00,742.6967625
02-12-2016 00:00,772.43725
04-12-2016 00:00,764.81625
06-12-2016 00:00,756.6215
08-12-2016 00:00,769.72975
10-12-2016 00:00,773.40125
12-12-2016 00:00,777.006875
14-12-2016 00:00,774.897
16-12-2016 00:00,781.568375
18-12-2016 00:00,788.40575
20-12-2016 00:00,793.0901375
22-12-2016 00:00,860.599875
24-12-2016 00:00,891.6126125
26-12-2016 00:00,897.335375
28-12-2016 00:00,967.480375
30-12-2016 00:00,952.156375
01-01-2017 00:00,997.729875
03-01-2017 00:00,1023.141875
05-01-2017 00:00,994.674875
07-01-2017 00:00,896.830375
09-01-2017 00:00,894.18025
11-01-2017 00:00,785.2237375
13-01-2017 00:00,826.2956625
15-01-2017 00:00,822.2076
17-01-2017 00:00,903.84575
19-01-2017 00:00,895.798875
21-01-2017 00:00,920.4479
23-01-2017 00:00,922.0736125
25-01-2017 00:00,893.045625
27-01-2017 00:00,919.27975
29-01-2017 00:00,915.933
31-01-2017 00:00,964.706075
02-02-2017 00:00,1007.613713
04-02-2017 00:00,1030.999413
06-02-2017 00:00,1024.01375
08-02-2017 00:00,1052.376613
10-02-2017 00:00,999.1035
12-02-2017 00:00,1000.604625
14-02-2017 00:00,1011.78025
16-02-2017 00:00,1035.208125
18-02-2017 00:00,1056.637137
20-02-2017 00:00,1084.755013
22-02-2017 00:00,1123.223188
24-02-2017 00:00,1174.86625
26-02-2017 00:00,1175.04975
28-02-2017 00:00,1187.565286
02-03-2017 00:00,1259.410817
04-03-2017 00:00,1267.0272
06-03-2017 00:00,1275.197375
08-03-2017 00:00,1157.3933
10-03-2017 00:00,1098.617129
12-03-2017 00:00,1227.494625
14-03-2017 00:00,1245.370786
16-03-2017 00:00,1180.945657
18-03-2017 00:00,952.2323625
20-03-2017 00:00,1049.084488
22-03-2017 00:00,1028.726863
24-03-2017 00:00,941.9197143
26-03-2017 00:00,956.7863125
28-03-2017 00:00,1046.127625
30-03-2017 00:00,1037.90455
01-04-2017 00:00,1086.929571
03-04-2017 00:00,1141.813
05-04-2017 00:00,1133.079314
07-04-2017 00:00,1190.45425
09-04-2017 00:00,1208.8005
11-04-2017 00:00,1226.617038
13-04-2017 00:00,1180.023713
15-04-2017 00:00,1184.880671
17-04-2017 00:00,1205.634875
19-04-2017 00:00,1217.930088
21-04-2017 00:00,1258.361413
23-04-2017 00:00,1257.988113
25-04-2017 00:00,1279.414688
27-04-2017 00:00,1345.353913
29-04-2017 00:00,1334.979038
01-05-2017 00:00,1417.172813
03-05-2017 00:00,1507.576857
05-05-2017 00:00,1533.335071
07-05-2017 00:00,1535.868429
09-05-2017 00:00,1721.284971
11-05-2017 00:00,1820.990563
13-05-2017 00:00,1771.920013
15-05-2017 00:00,1723.126938
17-05-2017 00:00,1807.485063
19-05-2017 00:00,1961.520488
21-05-2017 00:00,2046.534463
23-05-2017 00:00,2287.710288
25-05-2017 00:00,2387.206286
27-05-2017 00:00,2014.052963
29-05-2017 00:00,2275.9307
31-05-2017 00:00,2285.933914
02-06-2017 00:00,2446.142414
04-06-2017 00:00,2516.173143
06-06-2017 00:00,2883.313697
08-06-2017 00:00,2792.999188
10-06-2017 00:00,2845.372857
12-06-2017 00:00,2657.675063
14-06-2017 00:00,2447.041563
16-06-2017 00:00,2464.959814
18-06-2017 00:00,2507.389252
20-06-2017 00:00,2754.97825
22-06-2017 00:00,2727.288013
24-06-2017 00:00,2589.164888
26-06-2017 00:00,2436.451057
28-06-2017 00:00,2585.349186
30-06-2017 00:00,2477.641375
02-07-2017 00:00,2501.191343
04-07-2017 00:00,2599.729838
06-07-2017 00:00,2609.96775
08-07-2017 00:00,2562.130662
10-07-2017 00:00,2366.170143
12-07-2017 00:00,2385.748571
14-07-2017 00:00,2190.947833
16-07-2017 00:00,1931.2143
18-07-2017 00:00,2320.12225
20-07-2017 00:00,2898.188417
22-07-2017 00:00,2807.609857
24-07-2017 00:00,2751.821029
26-07-2017 00:00,2495.028586
28-07-2017 00:00,2781.636583
30-07-2017 00:00,2745.955417
01-08-2017 00:00,2710.413067
03-08-2017 00:00,2794.117717
05-08-2017 00:00,3218.115017
07-08-2017 00:00,3407.226833
09-08-2017 00:00,3357.326317
11-08-2017 00:00,3632.506667
13-08-2017 00:00,4125.54802
15-08-2017 00:00,4217.028329
17-08-2017 00:00,4328.725717
19-08-2017 00:00,4222.662214
21-08-2017 00:00,4043.722
23-08-2017 00:00,4174.95
25-08-2017 00:00,4363.05445
27-08-2017 00:00,4354.308333
29-08-2017 00:00,4607.98545
31-08-2017 00:00,4748.255
02-09-2017 00:00,4580.38748
04-09-2017 00:00,4344.098317
06-09-2017 00:00,4641.822017
08-09-2017 00:00,4310.750183
10-09-2017 00:00,4329.955
12-09-2017 00:00,4219.036617
14-09-2017 00:00,3319.63
16-09-2017 00:00,3763.62604
18-09-2017 00:00,4093.316667
20-09-2017 00:00,3977.561667
22-09-2017 00:00,3637.50255
24-09-2017 00:00,3703.04065
26-09-2017 00:00,3910.307383
28-09-2017 00:00,4201.98905
30-09-2017 00:00,4335.368317
02-10-2017 00:00,4386.88375
04-10-2017 00:00,4225.175
06-10-2017 00:00,4345.603333
08-10-2017 00:00,4602.280883
10-10-2017 00:00,4782.28
12-10-2017 00:00,5325.130683
14-10-2017 00:00,5739.438733
16-10-2017 00:00,5711.205867
18-10-2017 00:00,5546.1761
20-10-2017 00:00,5979.45984
22-10-2017 00:00,5983.18455
24-10-2017 00:00,5505.827767
26-10-2017 00:00,5893.138417
28-10-2017 00:00,5776.69695
30-10-2017 00:00,6105.87422
01-11-2017 00:00,6665.306683
03-11-2017 00:00,7197.72006
05-11-2017 00:00,7377.012367
07-11-2017 00:00,7092.127233
09-11-2017 00:00,7158.03706
11-11-2017 00:00,6362.851033
13-11-2017 00:00,6550.227533
15-11-2017 00:00,7301.42992
17-11-2017 00:00,7786.884367
19-11-2017 00:00,8007.654067
21-11-2017 00:00,8059.8
23-11-2017 00:00,8148.95
25-11-2017 00:00,8707.407267
27-11-2017 00:00,9718.29505
29-11-2017 00:00,9879.328333
01-12-2017 00:00,10883.912
03-12-2017 00:00,11332.622
05-12-2017 00:00,11878.43333
07-12-2017 00:00,16501.97167
09-12-2017 00:00,15142.83415
11-12-2017 00:00,16762.11667
13-12-2017 00:00,16808.36667
15-12-2017 00:00,17771.9
17-12-2017 00:00,19289.785
19-12-2017 00:00,17737.11167
21-12-2017 00:00,16047.51
23-12-2017 00:00,15360.26167
25-12-2017 00:00,14119.02833
27-12-2017 00:00,15589.32167
29-12-2017 00:00,14640.14
31-12-2017 00:00,14165.575
02-01-2018 00:00,15005.85667
04-01-2018 00:00,15199.355
06-01-2018 00:00,17319.198
08-01-2018 00:00,15265.90667
10-01-2018 00:00,15126.39833
12-01-2018 00:00,13912.882
14-01-2018 00:00,13852.92
16-01-2018 00:00,11180.99833
18-01-2018 00:00,11345.42333
20-01-2018 00:00,12950.79333
22-01-2018 00:00,10544.59333
24-01-2018 00:00,11282.25833
26-01-2018 00:00,10969.815
28-01-2018 00:00,11765.71
30-01-2018 00:00,10184.06167
01-02-2018 00:00,9083.258333
03-02-2018 00:00,9076.678333
05-02-2018 00:00,6838.816667
07-02-2018 00:00,8099.958333
09-02-2018 00:00,8535.516667
11-02-2018 00:00,8343.455
13-02-2018 00:00,8597.7675
15-02-2018 00:00,9977.154
17-02-2018 00:00,10841.99167
19-02-2018 00:00,11110.965
21-02-2018 00:00,10532.79167
23-02-2018 00:00,10162.11667
25-02-2018 00:00,9696.593333
27-02-2018 00:00,10763.88333
01-03-2018 00:00,11009.38167
03-03-2018 00:00,11326.94833
05-03-2018 00:00,11595.54
07-03-2018 00:00,10118.058
09-03-2018 00:00,9089.278333
11-03-2018 00:00,9761.396667
13-03-2018 00:00,9154.7
15-03-2018 00:00,8358.121667
17-03-2018 00:00,7993.674644
19-03-2018 00:00,8412.033333
21-03-2018 00:00,8947.753333
23-03-2018 00:00,8686.826667
25-03-2018 00:00,8617.296667
27-03-2018 00:00,7876.195
29-03-2018 00:00,7172.28
31-03-2018 00:00,6935.48
02-04-2018 00:00,7035.848333
04-04-2018 00:00,6787.761667
06-04-2018 00:00,6603.876667
08-04-2018 00:00,7017.656667
10-04-2018 00:00,6787.571667
12-04-2018 00:00,7847.845
14-04-2018 00:00,8036.511051
16-04-2018 00:00,8043.803333
18-04-2018 00:00,8164.937426
20-04-2018 00:00,8852.718333
22-04-2018 00:00,8838.548333
24-04-2018 00:00,9555.542
26-04-2018 00:00,9258.398333
28-04-2018 00:00,9326.173333
30-04-2018 00:00,9259.57
02-05-2018 00:00,9221.426
04-05-2018 00:00,9710.73
06-05-2018 00:00,9630.136277
08-05-2018 00:00,9228.608333
10-05-2018 00:00,9101.483333
12-05-2018 00:00,8484.346667
14-05-2018 00:00,8652.038333
16-05-2018 00:00,8340.703333
18-05-2018 00:00,8240.055
20-05-2018 00:00,8507.406667
22-05-2018 00:00,8015.58
24-05-2018 00:00,7566.193333
26-05-2018 00:00,7342.908333
28-05-2018 00:00,7130.541667
30-05-2018 00:00,7385.395
01-06-2018 00:00,7535.146667
03-06-2018 00:00,7699.886
05-06-2018 00:00,7615.722142
07-06-2018 00:00,7676.271667
09-06-2018 00:00,7564.408333
11-06-2018 00:00,6875.678333
13-06-2018 00:00,6315.7
15-06-2018 00:00,6434.088
17-06-2018 00:00,6464.411667
19-06-2018 00:00,6737
21-06-2018 00:00,6733.901667
23-06-2018 00:00,6141.605833
25-06-2018 00:00,6211.4475
27-06-2018 00:00,6105.295
29-06-2018 00:00,5908.7025
01-07-2018 00:00,6374.754167
03-07-2018 00:00,6613.685833
05-07-2018 00:00,6603.376667
07-07-2018 00:00,6594.281667
09-07-2018 00:00,6723.8725
11-07-2018 00:00,6377.363333
13-07-2018 00:00,6244.3575
15-07-2018 00:00,6316.881667
17-07-2018 00:00,6869.910833
